{"_type":"export","__export_format":4,"__export_date":"2023-02-25T20:28:37.417Z","__export_source":"insomnia.desktop.app:v2022.7.5","resources":[{"_id":"req_c12ac6e38ad6470f9e794356762b8033","parentId":"fld_4a73f893d0de43a78d3e4d694195784a","modified":1677356302754,"created":1676591474156,"url":"http://localhost:8080/api/praias/1","name":"Deletar praia por ID","description":"","method":"DELETE","body":{},"parameters":[{"id":"pair_cc61490ae5c04147a78494ac577483df","name":"id","value":"1","description":""}],"headers":[],"authentication":{},"metaSortKey":-1676591474156,"isPrivate":false,"settingStoreCookies":true,"settingSendCookies":true,"settingDisableRenderRequestBody":false,"settingEncodeUrl":true,"settingRebuildPath":true,"settingFollowRedirects":"global","_type":"request"},{"_id":"fld_4a73f893d0de43a78d3e4d694195784a","parentId":"wrk_0de18fc51a2b4d15bfc1a9f4ef7b6b2c","modified":1676396498789,"created":1676396498789,"name":"Praias","description":"","environment":{},"environmentPropertyOrder":null,"metaSortKey":-1676396498789,"_type":"request_group"},{"_id":"wrk_0de18fc51a2b4d15bfc1a9f4ef7b6b2c","parentId":null,"modified":1676396476161,"created":1676396476161,"name":"LenaraProjeto1LabBeach","description":"","scope":"collection","_type":"workspace"},{"_id":"req_e87555a5b071453fa9ba4d6e4c6c88ae","parentId":"fld_4a73f893d0de43a78d3e4d694195784a","modified":1677356553656,"created":1676591419228,"url":"http://localhost:8080/api/praias/post","name":"Cadastrar praia","description":"","method":"POST","body":{},"parameters":[{"id":"pair_d21645b1482a4df29ceed2b2b2518521","name":"name","value":"Campeche","description":""},{"id":"pair_c3375b2859124d49ae7476f4c9f68e12","name":"acessibilidade","value":"1","description":""},{"id":"pair_299f2d98f0c14709bc3ad9ff007a35bf","name":"status","value":"própria","description":""},{"id":"pair_35581e12e5e14ace904ff8e73705ef5a","name":"bairroId","value":"6","description":""}],"headers":[],"authentication":{},"metaSortKey":-1676591419228,"isPrivate":false,"settingStoreCookies":true,"settingSendCookies":true,"settingDisableRenderRequestBody":false,"settingEncodeUrl":true,"settingRebuildPath":true,"settingFollowRedirects":"global","_type":"request"},{"_id":"req_4e885b976d1c40928c0c88ede67fde1f","parentId":"fld_4a73f893d0de43a78d3e4d694195784a","modified":1677356840154,"created":1677347767550,"url":"http://localhost:8080/api/praias/2","name":"Alterar praia","description":"","method":"PUT","body":{"mimeType":"application/json","text":"\t{\n\t\t\"id\": 9,\n\t\t\"bairro\": {\n\t\t\t\"id\": 7,\n\t\t\t\"name\": \"Armação\",\n\t\t\t\"description\": \"bairro pequeno, que mantém as características de antiga vila de pescadores\",\n\t\t\t\"population\": 2837\n\t\t},\n\t\t\"name\": \"Armação\",\n\t\t\"acessibilidade\": true,\n\t\t\"status\": \"imprópria\"\n\t}"},"parameters":[],"headers":[{"name":"Content-Type","value":"application/json"}],"authentication":{},"metaSortKey":-1676591390620,"isPrivate":false,"settingStoreCookies":true,"settingSendCookies":true,"settingDisableRenderRequestBody":false,"settingEncodeUrl":true,"settingRebuildPath":true,"settingFollowRedirects":"global","_type":"request"},{"_id":"req_6880e13850e84565bab010e053516016","parentId":"fld_4a73f893d0de43a78d3e4d694195784a","modified":1677356818787,"created":1676640411599,"url":"http://localhost:8080/api/praias/post","name":"Cadastrar praia","description":"","method":"POST","body":{},"parameters":[{"id":"pair_d21645b1482a4df29ceed2b2b2518521","name":"name","value":"Armação","description":""},{"id":"pair_c3375b2859124d49ae7476f4c9f68e12","name":"acessibilidade","value":"0","description":""},{"id":"pair_299f2d98f0c14709bc3ad9ff007a35bf","name":"status","value":"imprópria","description":""},{"id":"pair_35581e12e5e14ace904ff8e73705ef5a","name":"bairroId","value":"7","description":""}],"headers":[],"authentication":{},"metaSortKey":-1676591381084,"isPrivate":false,"settingStoreCookies":true,"settingSendCookies":true,"settingDisableRenderRequestBody":false,"settingEncodeUrl":true,"settingRebuildPath":true,"settingFollowRedirects":"global","_type":"request"},{"_id":"req_3dfc0c6b10cc4b8083c7a0a2729eb1c5","parentId":"fld_4a73f893d0de43a78d3e4d694195784a","modified":1676591526487,"created":1676591342940,"url":"http://localhost:8080/api/praias","name":"Listar todas as praias","description":"","method":"GET","body":{},"parameters":[],"headers":[],"authentication":{},"metaSortKey":-1676591342940,"isPrivate":false,"settingStoreCookies":true,"settingSendCookies":true,"settingDisableRenderRequestBody":false,"settingEncodeUrl":true,"settingRebuildPath":true,"settingFollowRedirects":"global","_type":"request"},{"_id":"req_21557653b8c9444eabf45d48d978b6c5","parentId":"fld_4a73f893d0de43a78d3e4d694195784a","modified":1677356826437,"created":1677113299474,"url":"http://localhost:8080/api/praias/status","name":"Listagem de praias conforme o status","description":"","method":"GET","body":{},"parameters":[{"id":"pair_64ab2aad68f64e5da2f50612c241bb62","name":"status","value":"imprópria","description":""}],"headers":[],"authentication":{},"metaSortKey":-1676547477610,"isPrivate":false,"settingStoreCookies":true,"settingSendCookies":true,"settingDisableRenderRequestBody":false,"settingEncodeUrl":true,"settingRebuildPath":true,"settingFollowRedirects":"global","_type":"request"},{"_id":"req_357e646ae48c4dc9b4c3630cd4cad28b","parentId":"fld_4a73f893d0de43a78d3e4d694195784a","modified":1677352580283,"created":1677113342082,"url":"http://localhost:8080/api/praias/acessibilidade","name":"Listagem de praias com acessibilidade","description":"","method":"GET","body":{},"parameters":[{"id":"pair_64ab2aad68f64e5da2f50612c241bb62","name":"acessibilidade","value":"0","description":""}],"headers":[],"authentication":{},"metaSortKey":-1676525544945,"isPrivate":false,"settingStoreCookies":true,"settingSendCookies":true,"settingDisableRenderRequestBody":false,"settingEncodeUrl":true,"settingRebuildPath":true,"settingFollowRedirects":"global","_type":"request"},{"_id":"req_fd2f724f33384db6aadc8be5a4757741","parentId":"fld_4a73f893d0de43a78d3e4d694195784a","modified":1677352591393,"created":1677341047619,"url":"http://localhost:8080/api/praias/populacao","name":"Listagens de praias por população no bairro","description":"","method":"GET","body":{},"parameters":[{"id":"pair_64ab2aad68f64e5da2f50612c241bb62","name":"population","value":"10","description":""}],"headers":[],"authentication":{},"metaSortKey":-1676514578612.5,"isPrivate":false,"settingStoreCookies":true,"settingSendCookies":true,"settingDisableRenderRequestBody":false,"settingEncodeUrl":true,"settingRebuildPath":true,"settingFollowRedirects":"global","_type":"request"},{"_id":"req_40d1eddb311144579fa73b6c54871bd7","parentId":"fld_eb317233b48c46c38c86766dc067e25a","modified":1677111126615,"created":1676503612280,"url":"http://localhost:8080/api/bairros/1","name":"Buscar por ID","description":"","method":"GET","body":{},"parameters":[],"headers":[],"authentication":{},"metaSortKey":-1676503612280,"isPrivate":false,"settingStoreCookies":true,"settingSendCookies":true,"settingDisableRenderRequestBody":false,"settingEncodeUrl":true,"settingRebuildPath":true,"settingFollowRedirects":"global","_type":"request"},{"_id":"fld_eb317233b48c46c38c86766dc067e25a","parentId":"wrk_0de18fc51a2b4d15bfc1a9f4ef7b6b2c","modified":1676396492131,"created":1676396492131,"name":"Bairros","description":"","environment":{},"environmentPropertyOrder":null,"metaSortKey":-1676396492131,"_type":"request_group"},{"_id":"req_3d764f0ee88f41148567ea6a43ef5165","parentId":"fld_eb317233b48c46c38c86766dc067e25a","modified":1677356328616,"created":1676503476662,"url":"http://localhost:8080/api/bairros/4","name":"Deletar bairro por ID","description":"","method":"DELETE","body":{},"parameters":[{"id":"pair_d699ef4427df47d3ae26d4e6a8b349a8","name":"id","value":"1","description":""}],"headers":[],"authentication":{},"metaSortKey":-1676503476662,"isPrivate":false,"settingStoreCookies":true,"settingSendCookies":true,"settingDisableRenderRequestBody":false,"settingEncodeUrl":true,"settingRebuildPath":true,"settingFollowRedirects":"global","_type":"request"},{"_id":"req_6315854904024b9eae25ce2b3cd71510","parentId":"fld_eb317233b48c46c38c86766dc067e25a","modified":1677356400004,"created":1676408156223,"url":"http://localhost:8080/api/bairros/post1","name":"Cadastrar-Query","description":"","method":"POST","body":{},"parameters":[{"id":"pair_adb5587690644d25982d88dc57cc9d9b","name":"name","value":"Campeche","description":""},{"id":"pair_3657b1c33e5c4a9abc7b4b2f2b6a52eb","name":"population","value":"18570","description":""},{"id":"pair_7da82e527259404bbb2e7c80936a8f01","name":"description","value":" é mais conhecido por sua praia com um centro de surfe e kitesurfe rodeado por pousadas e bares","description":""}],"headers":[],"authentication":{},"metaSortKey":-1676408156223,"isPrivate":false,"settingStoreCookies":true,"settingSendCookies":true,"settingDisableRenderRequestBody":false,"settingEncodeUrl":true,"settingRebuildPath":true,"settingFollowRedirects":"global","_type":"request"},{"_id":"req_e178f872ffc34ee2bdeeb1668c0f8689","parentId":"fld_eb317233b48c46c38c86766dc067e25a","modified":1677356475552,"created":1676510622125,"url":"http://localhost:8080/api/bairros/post2","name":"Cadastrar-JSON","description":"","method":"POST","body":{"mimeType":"application/json","text":"{\n\t\"name\":\"Armação\",\n\t\"description\":\"bairro pequeno, que mantém as características de antiga vila de pescadores\",\n\t\"population\":2837\n\t\n}"},"parameters":[],"headers":[{"name":"Content-Type","value":"application/json"}],"authentication":{},"metaSortKey":-1676402335891.5,"isPrivate":false,"settingStoreCookies":true,"settingSendCookies":true,"settingDisableRenderRequestBody":false,"settingEncodeUrl":true,"settingRebuildPath":true,"settingFollowRedirects":"global","_type":"request"},{"_id":"req_56ab043b12784a57b1e286a90a94617e","parentId":"fld_eb317233b48c46c38c86766dc067e25a","modified":1676591534704,"created":1676396515560,"url":"http://localhost:8080/api/bairros","name":"Listar todos os bairros","description":"","method":"GET","body":{},"parameters":[],"headers":[],"authentication":{},"metaSortKey":-1676396515560,"isPrivate":false,"settingStoreCookies":true,"settingSendCookies":true,"settingDisableRenderRequestBody":false,"settingEncodeUrl":true,"settingRebuildPath":true,"settingFollowRedirects":"global","_type":"request"},{"_id":"env_e16d5d1736984dc118fce1289f566f86e0da53a4","parentId":"wrk_0de18fc51a2b4d15bfc1a9f4ef7b6b2c","modified":1676396476170,"created":1676396476170,"name":"Base Environment","data":{},"dataPropertyOrder":null,"color":null,"isPrivate":false,"metaSortKey":1676396476170,"_type":"environment"},{"_id":"jar_e16d5d1736984dc118fce1289f566f86e0da53a4","parentId":"wrk_0de18fc51a2b4d15bfc1a9f4ef7b6b2c","modified":1676396476176,"created":1676396476176,"name":"Default Jar","cookies":[],"_type":"cookie_jar"},{"_id":"spc_680a3b9831d4449ea30e44bf8a6238ff","parentId":"wrk_0de18fc51a2b4d15bfc1a9f4ef7b6b2c","modified":1676396476162,"created":1676396476162,"fileName":"LenaraProjeto1LabBeach","contents":"","contentType":"yaml","_type":"api_spec"}]}